experiment_index,simSeconds,simInsts,avg_big_l1i_missrate,avg_big_l1d_missrate,avg_big_l2_missrate,avg_little_l1i_missrate,avg_little_l1d_missrate,avg_little_l2_missrate,avg_l3_missrate
0,0.01427,9151956,0.05093685714285714,0.31855962499999996,0.9307886249999999,0.0218235,0.30828162500000006,0.8705782499999999,0.8130315
1,0.002515,8677027,0.04857857142857142,0.32194512499999994,0.9144726249999999,0.019691333333333335,0.309968875,0.8785797500000001,0.053086249999999995
2,0.002249,8787031,0.045343428571428576,0.31887162499999994,0.9352168750000001,0.0188255,0.30628875000000005,0.86924725,0.0011545
3,0.005885,9067640,0.048238857142857146,0.339850375,0.33087937500000003,0.027098,0.31431812499999995,0.8543702500000001,0.3592305
4,0.002573,8649169,0.053141714285714285,0.344697625,0.3865902499999999,0.020327666666666667,0.30711574999999997,0.866162375,0.05289050000000001
5,0.002329,8596993,0.051108142857142866,0.33889587500000007,0.371755125,0.0218758,0.30599987500000003,0.8554957499999999,0.0018375
6,0.001882,8318604,0.05609071428571428,0.36750087499999995,0.0010583749999999999,0.02737616666666667,0.330968,0.342408375,0.0257685
7,0.001785,8315731,0.058621285714285716,0.36670824999999996,0.001107875,0.0234958,0.33076625000000004,0.347148625,0.00589825
8,0.001778,8231729,0.061472857142857155,0.35619662500000004,0.00132625,0.018939499999999998,0.332018,0.346671,0.00485
9,0.015487,9260436,0.045293,0.32429262499999995,0.9275941249999999,0.016498400000000003,0.29194362500000004,0.9610603749999999,0.7714822499999999
10,0.002961,8880980,0.03904371428571429,0.32822025,0.921879625,0.015596599999999999,0.28891325,0.966260875,0.07415225
11,0.002657,8930866,0.04079271428571428,0.31688974999999997,0.8695416250000001,0.0147936,0.291161375,0.9647258750000001,0.001361
12,0.007633,9158604,0.03978771428571428,0.319600375,0.35080687499999996,0.0168848,0.29162562500000005,0.9511999999999999,0.36585924999999997
13,0.002565,8859638,0.041652857142857144,0.32281987500000003,0.3658625,0.013077,0.286789375,0.953315125,0.06742475
14,0.002516,8834554,0.04374671428571429,0.31052637499999997,0.30656175,0.012920333333333334,0.288759375,0.952186,0.002036
15,0.001857,8628522,0.04727285714285714,0.33914687499999996,0.00122325,0.0178404,0.29790525,0.321797125,0.0588665
16,0.001592,8533274,0.04195257142857143,0.33574399999999993,0.0012365,0.0170656,0.29838325,0.326875625,0.008736250000000001
17,0.001593,8329520,0.05097842857142857,0.32901225,0.00202475,0.013990833333333334,0.29904175,0.32477999999999996,0.0086905
18,0.015287,9245298,0.034833714285714294,0.32181112500000003,0.6953026250000001,0.011063499999999999,0.295797375,0.974717125,0.61194125
19,0.003934,8857059,0.038524142857142854,0.331128875,0.7026330000000002,0.010144166666666668,0.297150625,0.975382875,0.056351
20,0.003511,8888294,0.03699157142857142,0.32078062500000004,0.674305625,0.0118286,0.296774375,0.976766625,0.00135075
21,0.008713,9138421,0.03477057142857143,0.297500875,0.221873125,0.015931,0.29632299999999995,0.9335133750000001,0.39218225
22,0.00318,8925214,0.03827142857142857,0.32258812499999995,0.24837212500000003,0.010834333333333335,0.296247875,0.9373628749999999,0.04445725
23,0.003,8865187,0.037171285714285705,0.32343912500000005,0.21127712499999998,0.0104275,0.29685275,0.9384633750000001,0.0020757500000000003
24,0.002078,8794823,0.041381,0.42049574999999995,0.0014491250000000001,0.012055166666666667,0.304545375,0.3881105,0.04603675
25,0.001802,8772033,0.036225571428571426,0.40731649999999997,0.0015061249999999999,0.011012333333333332,0.30413925,0.398476625,0.005868750000000001
26,0.001844,8354733,0.040208714285714285,0.354927375,0.002800875,0.013566166666666666,0.301308625,0.40209337500000003,0.00528775
27,0.002009,8716692,0.05760162499999999,0.26604162499999995,0.79576875,0.025205500000000002,0.26452225,0.559722125,0.14600500000000002
28,0.001569,8317500,0.058131749999999996,0.262731875,0.791471625,0.022743833333333335,0.266669375,0.5576519999999999,0.0574025
29,0.001379,8264175,0.05639000000000001,0.301787625,0.944306125,0.023050166666666667,0.272152125,0.573486375,0.0034955
30,0.001839,8710188,0.05622457142857142,0.25459899999999996,0.5755408750000001,0.019516500000000003,0.264359375,0.324231375,0.17289675000000002
31,0.001527,8308127,0.06885071428571429,0.260366,0.5555284999999999,0.02382466666666667,0.26805725,0.3177775,0.07000025
32,0.00134,8211499,0.064001,0.26455500000000004,0.58527775,0.0235905,0.27289675,0.333753,0.00424425
33,0.001573,7413428,0.07657828571428571,0.27062312499999996,0.002712375,0.023116,0.268145625,0.299151375,0.0943595
34,0.001324,7371778,0.07701314285714286,0.271695625,0.0027403749999999998,0.017958000000000002,0.268733375,0.2953568750000001,0.02273575
35,0.001309,7397226,0.07768642857142857,0.271689125,0.002747125,0.0297874,0.26954775,0.2952435,0.0132495
36,0.001992,8724103,0.04371175,0.27448075000000005,0.91233775,0.021403833333333334,0.22119799999999998,0.6517128749999999,0.14747325
37,0.001562,8341717,0.049682500000000004,0.27476775000000003,0.9200119999999999,0.018706666666666667,0.226283625,0.6504107499999999,0.059785000000000005
38,0.001375,8308307,0.05523171428571429,0.26723137499999994,0.9908115000000001,0.018795833333333335,0.232938375,0.7257752500000001,0.00326425
39,0.001837,8768360,0.04873114285714286,0.22946625,0.7133732500000001,0.022227999999999998,0.20873662499999998,0.463914125,0.16515675
40,0.001556,8335710,0.060528142857142864,0.235738,0.7130461250000001,0.021385333333333336,0.21486187499999998,0.46592475,0.057535499999999996
41,0.001352,8256266,0.05809957142857143,0.22579575000000002,0.71130675,0.02105833333333333,0.21740237499999998,0.532249625,0.00377
42,0.001539,7438505,0.06725485714285714,0.19206649999999997,0.002725875,0.0254716,0.209885,0.43094937499999997,0.09346549999999999
43,0.001218,7407647,0.06916842857142856,0.192024375,0.002756625,0.0226734,0.217236125,0.42773975000000003,0.010888249999999999
44,0.001218,7415774,0.06850285714285714,0.19262512499999998,0.0027348750000000003,0.024698199999999997,0.21945275000000003,0.42636787500000006,0.00698
45,0.001931,8720318,0.04046414285714285,0.196804,0.995735625,0.020851333333333333,0.11173387500000001,0.739703875,0.154768
46,0.001561,8351677,0.049271999999999996,0.19435712500000002,0.9961447499999999,0.016728166666666665,0.10911775,0.7392185,0.06688775
47,0.001304,8278431,0.04346071428571429,0.276218375,0.996166,0.015441166666666667,0.12770025,0.896698875,0.003019
48,0.001844,8749435,0.04430642857142857,0.187808375,0.7946745000000001,0.020806833333333333,0.108519,0.726484875,0.16604575
49,0.001558,8342892,0.04771628571428571,0.18629725000000003,0.7988664999999999,0.018082333333333336,0.10894662499999999,0.7314682499999999,0.062567
50,0.001314,8235709,0.047379142857142856,0.221217875,0.7809068749999999,0.018423000000000002,0.12567012500000002,0.853020375,0.0034599999999999995
51,0.001537,7481786,0.05456914285714286,0.191650625,0.0026042500000000002,0.016841,0.13323400000000002,0.6094873749999999,0.09638350000000001
52,0.001213,7431191,0.054814285714285704,0.19171975000000002,0.0026569999999999996,0.0184284,0.13245212500000003,0.6099426250000001,0.011356749999999999
53,0.001207,7565458,0.05383728571428571,0.19238075000000002,0.002526375,0.0192996,0.131679,0.61258625,0.006655250000000001
54,0.003074,8872055,0.05559528571428572,0.2989925,0.960643,0.025424000000000002,0.30881887500000005,0.86499275,0.11587525000000001
55,0.002357,8514668,0.062498714285714296,0.300022875,0.960326,0.01823725,0.308742,0.8650126250000001,0.029782
56,0.002167,8524850,0.05961842857142857,0.2993225,0.9598283750000001,0.0277968,0.30922125,0.865010375,0.005455
57,0.002889,8838005,0.06309171428571429,0.29601550000000004,0.345392125,0.024488499999999996,0.308790125,0.8630717499999999,0.135415
58,0.002325,8548603,0.06273157142857143,0.2975065,0.35669875,0.022815625,0.30859949999999997,0.8631183750000001,0.03800975
59,0.002145,8498764,0.05953114285714285,0.297042125,0.354966875,0.017748125,0.30838712500000004,0.863166,0.00792025
60,0.001837,7760008,0.07128085714285715,0.3035195,0.005541750000000001,0.019889875,0.330838875,0.243171625,0.1009035
61,0.001665,7738531,0.07099342857142857,0.30388424999999997,0.00556325,0.017736750000000003,0.331551,0.24354024999999999,0.05423275
62,0.001625,7744953,0.07065385714285714,0.30398862499999996,0.005574875,0.0275686,0.331617375,0.24363350000000003,0.0372575
63,0.003064,8860009,0.055145999999999994,0.28084300000000006,0.9969187500000001,0.015978625,0.26760887499999997,0.9977265000000001,0.11533925
64,0.002346,8570719,0.05271471428571429,0.280841375,0.996536125,0.024687,0.2679885,0.997724125,0.0308475
65,0.002152,8507424,0.05218814285714285,0.27985424999999997,0.9969117500000001,0.01437625,0.267970375,0.99771825,0.0054719999999999994
66,0.002864,8876034,0.055705142857142856,0.27477587500000006,0.35376175,0.025280833333333336,0.26754975,0.9954928749999999,0.13698649999999998
67,0.002304,8554576,0.05818885714285714,0.27515274999999995,0.365672,0.016088375,0.26775275000000004,0.99550325,0.039229
68,0.002128,8556270,0.046419125,0.27504500000000004,0.3669475,0.022209200000000002,0.267438625,0.995538375,0.00780575
69,0.001814,7781392,0.06198028571428571,0.27567325,0.005632375,0.019646875,0.26526225000000003,0.280647625,0.10244575
70,0.001614,7794689,0.06080814285714286,0.27585062499999996,0.005621125000000001,0.017483,0.26551487500000004,0.281200625,0.0531265
71,0.001573,7826040,0.061303142857142855,0.27586425000000003,0.0055953750000000005,0.0222416,0.26555700000000004,0.281070875,0.036573
72,0.003026,8821222,0.04179485714285714,0.280790125,0.9990507499999999,0.017739166666666667,0.26739500000000005,0.9992048749999999,0.11706625
73,0.002345,8501964,0.043792571428571424,0.2811335,0.9990060000000001,0.016942166666666668,0.2676925,0.9992237500000001,0.03041675
74,0.002153,8497589,0.048579000000000004,0.28019825,0.999023,0.017291333333333336,0.267733125,0.9992322500000002,0.005355250000000001
75,0.002956,8859631,0.038739,0.274350125,0.34574912500000005,0.016594,0.26679287500000004,0.9964222500000001,0.16811175
76,0.002306,8536474,0.04608771428571428,0.274662375,0.363944375,0.01363425,0.26740149999999996,0.9968686250000001,0.03882424999999999
77,0.002122,8511352,0.04337457142857143,0.2746245,0.36237687500000004,0.0159445,0.267101625,0.996874125,0.00784825
78,0.001787,7760177,0.05045471428571429,0.275717375,0.0055655,0.0159445,0.26483175,0.280714125,0.0955315
79,0.001606,7771500,0.059894,0.27561975,0.005548124999999999,0.0225318,0.26458125,0.28086212499999996,0.050390250000000004
80,0.00157,7723017,0.058595499999999995,0.27570887499999996,0.005592000000000001,0.012081375,0.265094875,0.281540125,0.035859249999999995
81,0.019383,9411985,0.13791374999999997,0.7973349999999999,0.716746125,0.04675925,0.7522372500000001,0.562236875,0.9581365000000001
82,0.019334,9473453,0.130690375,0.7891862500000001,0.7116984999999999,0.046872750000000005,0.7537182499999999,0.561350375,0.9265950000000001
83,0.011909,9361450,0.11046975,0.83481775,0.7179201250000001,0.044953625,0.7440938749999999,0.6462165000000001,0.3136525
84,0.018173,9493712,0.12212175000000002,0.8035488749999999,0.65124775,0.04710824999999999,0.750895,0.514910875,0.9482045
85,0.01828,9494459,0.12203575,0.80081825,0.655180125,0.044063125,0.7518675,0.511611125,0.9495262500000001
86,0.010637,9425464,0.122509125,0.8324864999999999,0.6307488750000001,0.046236375,0.7460606249999999,0.5979725,0.33107625
87,0.018058,9483864,0.13488250000000002,0.842316875,0.48321250000000004,0.046849249999999995,0.7509996250000001,0.47363325000000006,0.9127925
88,0.016868,9474496,0.1382305,0.8510745,0.485438375,0.046350125,0.750861625,0.492043375,0.813623
89,0.007185,9292486,0.12218549999999999,0.837342375,0.5824628749999999,0.042178875,0.733631375,0.566399125,0.16412075
90,0.023286,9483431,0.117803375,0.7520745,0.765961375,0.03704383333333333,0.691072,0.6815282500000001,0.9708085
91,0.022921,9491881,0.10332025,0.7518664999999999,0.7702415000000001,0.039972,0.6923852500000001,0.6823047499999999,0.9328015
92,0.012588,9424905,0.10426037499999999,0.77649025,0.82277025,0.04661216666666667,0.691439375,0.74712475,0.29806625000000003
93,0.020682,9470201,0.11289112500000001,0.7297433749999999,0.6357618749999999,0.050545,0.69214825,0.5963202499999999,0.9630529999999999
94,0.021079,9506370,0.10433862499999999,0.7292069999999999,0.63254925,0.041927285714285716,0.6936986249999999,0.5946652499999999,0.956845
95,0.010579,9422895,0.10352762500000001,0.7555335000000001,0.6813049999999999,0.035691875,0.6926585000000001,0.6782128749999999,0.2734805
96,0.01944,9488955,0.11189624999999999,0.74798775,0.51821625,0.032611,0.6967111250000001,0.520068375,0.93007375
97,0.018437,9487528,0.10388012499999999,0.750508125,0.51885725,0.04204600000000001,0.6969747500000001,0.5409725000000001,0.8277975
98,0.005793,9264287,0.10908175,0.759509125,0.569267375,0.04278166666666666,0.698518625,0.590401375,0.10010575000000001
99,0.032727,9512149,0.0955465,0.7247757499999999,0.919413875,0.04493966666666666,0.52670725,0.9256995,0.976388
100,0.031751,9519493,0.09702362499999999,0.73528375,0.9327707499999999,0.052374199999999996,0.526920875,0.9197420000000001,0.93780775
101,0.013646,9423279,0.094576625,0.752016375,0.942138375,0.04969320000000001,0.54943025,0.9225540000000001,0.30592175
102,0.028348,9512668,0.100775,0.6708589999999999,0.7635092499999999,0.0472988,0.52487875,0.8293703749999999,0.9743485000000001
103,0.027576,9515078,0.10017862500000001,0.6695338750000001,0.771784,0.0431325,0.52470125,0.8297835,0.9444617499999999
104,0.015687,9417976,0.09236362499999999,0.696679875,0.7745807499999999,0.0507644,0.5421524999999999,0.8827874999999998,0.40010575000000004
105,0.025879,9519586,0.09713412499999999,0.662533125,0.60209,0.038416,0.528800375,0.7504152500000001,0.96003125
106,0.024246,9491624,0.09833862500000001,0.6642395000000001,0.603253125,0.03941066666666667,0.5336650000000001,0.751873125,0.88985225
107,0.015311,9336831,0.08988512500000001,0.6673313750000001,0.6243765,0.03804428571428571,0.5369633750000001,0.779625,0.43632175
108,0.008306,9355616,0.108026625,0.6796703749999999,0.602244,0.035713875,0.5849469999999999,0.5782525,0.7585235
109,0.007475,9281907,0.118940375,0.6916473749999998,0.610522625,0.039167625,0.576942875,0.5833843750000001,0.6002857500000001
110,0.004662,8968728,0.125071625,0.687049375,0.62365025,0.043707375,0.6106077500000001,0.5731685,0.16983425000000002
111,0.00772,9338721,0.11211499999999999,0.6701630000000001,0.470614375,0.043786624999999996,0.5910265000000001,0.388331875,0.7384200000000001
112,0.005772,9335372,0.10232387500000001,0.67327625,0.4734188750000001,0.033396999999999996,0.5909368750000001,0.39305975,0.5263045
113,0.002583,9090021,0.11645050000000001,0.682967125,0.4808690000000001,0.043307750000000006,0.603335125,0.39167837499999997,0.06603275
114,0.00576,9344345,0.103890875,0.6577,0.358256875,0.043697625,0.580802125,0.269061625,0.78985925
115,0.005212,9340712,0.11031,0.6665878749999999,0.35540475,0.044050624999999996,0.5832700000000001,0.24640475,0.6792345
116,0.003357,8751732,0.115813625,0.695408875,0.35712487499999995,0.044132875,0.60051725,0.25169675,0.10651775
117,0.008533,9206792,0.08453812499999999,0.626986375,0.581628625,0.036310666666666665,0.544399125,0.643917625,0.732371
118,0.006633,9204985,0.08510775,0.650403375,0.590308375,0.03529625,0.540906,0.6623198749999999,0.45689725000000003
119,0.003206,8474461,0.09981487500000001,0.66517525,0.5716015,0.034919374999999996,0.547295,0.665532375,0.0466905
120,0.008312,9260523,0.0961525,0.626642375,0.43286825,0.03564025,0.5432985,0.483750625,0.72355
121,0.005303,9264417,0.09534074999999999,0.629507625,0.43628825,0.035374249999999996,0.5406448749999999,0.496038625,0.4215315
122,0.002941,8457067,0.1136325,0.664204625,0.44728362499999996,0.035069875,0.544621125,0.491515625,0.06094150000000001
123,0.00537,9239780,0.0982015,0.6185493750000001,0.261698375,0.035092625,0.51343575,0.27879024999999996,0.7821345
124,0.004826,9208102,0.097665625,0.626399375,0.262766625,0.0329565,0.5124565,0.27435575,0.64974725
125,0.003223,8285818,0.105700875,0.6471480000000001,0.24313999999999997,0.034985375,0.520381875,0.273969875,0.1418385
126,0.008221,9304658,0.06491237500000001,0.44106100000000004,0.7807888749999999,0.03990333333333333,0.41562599999999994,0.8174171249999999,0.71511575
127,0.005531,9288583,0.07529125,0.45541637500000004,0.7835417499999999,0.02358075,0.399380375,0.8573742500000001,0.421955
128,0.003751,8590227,0.07732512500000001,0.44914925,0.769149625,0.047296399999999995,0.40437062500000004,0.870739625,0.0939025
129,0.006919,9306330,0.074559,0.42275100000000004,0.588032,0.038962666666666666,0.40552837500000005,0.6805976250000001,0.685896
130,0.004849,9312721,0.066216625,0.42736937500000005,0.5995085000000001,0.038710666666666664,0.397103125,0.698684625,0.39928075
131,0.00404,8762426,0.09401785714285714,0.428436875,0.631289125,0.029406874999999996,0.39543625000000004,0.6904621249999999,0.19005575000000002
132,0.005272,9293567,0.075911375,0.4104335000000001,0.3575495000000001,0.029209285714285712,0.401308875,0.38888737500000004,0.80429475
133,0.004676,9292620,0.0748925,0.41380924999999996,0.3587945,0.03894433333333334,0.398359375,0.37065712500000003,0.6448017500000001
134,0.002192,8467724,0.09208062499999999,0.44214362500000004,0.3164155,0.03903183333333333,0.3930485000000001,0.37312862499999994,0.051117
135,0.010735,9320433,0.10508525,0.584949375,0.5689365000000001,0.040431999999999996,0.580749125,0.544749625,0.90000075
136,0.010313,9298334,0.108054,0.585183125,0.586259125,0.04162375,0.5839660000000001,0.5456727499999999,0.820252
137,0.004013,8910265,0.1269385,0.66399025,0.7144668750000001,0.04437725,0.5865962499999999,0.618870125,0.08503225
138,0.010159,9319667,0.11920562499999998,0.586897375,0.55443625,0.041773375,0.573917,0.5112909999999999,0.81953725
139,0.010035,9302519,0.106073375,0.5847925,0.561275,0.034110749999999995,0.575863375,0.515165875,0.787331
140,0.00348,8696467,0.1317065,0.64826325,0.653187875,0.04439725,0.5722096249999999,0.564884875,0.048280250000000004
141,0.010082,9310867,0.12023137499999997,0.5886443750000001,0.5098681249999999,0.04646025,0.56566425,0.485100875,0.79263375
142,0.009558,9293262,0.11824199999999999,0.59896925,0.519978875,0.031821375,0.5707456249999999,0.4838158749999999,0.70035075
143,0.002463,8729005,0.12950737499999998,0.6487876250000001,0.5687308750000001,0.05065371428571429,0.55315775,0.529603375,0.015109000000000001
144,0.010456,9240395,0.09084325,0.519808375,0.60460875,0.033990124999999996,0.52245025,0.58003875,0.893036
145,0.010044,9273923,0.093147375,0.52207475,0.6120215,0.041944999999999996,0.5257506249999999,0.59273175,0.82307975
146,0.003941,8848510,0.102650625,0.609799875,0.7485740000000001,0.040114428571428565,0.53841975,0.669494625,0.10566
147,0.010051,9249253,0.08813625,0.5337706249999999,0.585697125,0.042442571428571434,0.5199480000000001,0.559577875,0.8218494999999999
148,0.009867,9289192,0.09235612500000001,0.516263625,0.572756875,0.032844374999999995,0.5223083749999999,0.5625335,0.834201
149,0.007198,9014394,0.09960887500000001,0.5890164999999999,0.669470625,0.035412375,0.538131,0.58713925,0.337882
150,0.009557,9239240,0.09190824999999998,0.543204,0.48021400000000003,0.03347714285714286,0.523154875,0.527358375,0.8083877500000001
151,0.009262,9181723,0.0980335,0.5654069999999999,0.49651575,0.04869950000000001,0.520682625,0.5316085,0.6753410000000001
152,0.00282,8665290,0.10147225,0.5933292499999999,0.5342264999999999,0.03532,0.509992625,0.5801554999999999,0.04618625
153,0.010327,9291467,0.070343875,0.40102575,0.75297225,0.03665057142857143,0.40190575,0.737408625,0.89917475
154,0.009997,9286955,0.0719925,0.39801937499999995,0.7510388750000001,0.04020516666666667,0.40841675000000005,0.7344354999999999,0.84328275
155,0.003804,9081267,0.079270875,0.45083949999999995,0.8965535,0.032840714285714286,0.42940412499999997,0.7613501250000001,0.1198325
156,0.010023,9291375,0.075625625,0.39430725,0.7080224999999999,0.047722,0.39912637500000003,0.705195125,0.8717179999999999
157,0.009935,9308722,0.07509037499999999,0.392092125,0.7062776249999999,0.02999325,0.40325975,0.708233375,0.8611145
158,0.00404,9081483,0.07761425,0.43577912500000004,0.8034062500000001,0.038350833333333334,0.42130999999999996,0.7160887499999999,0.15286349999999999
159,0.009643,9299055,0.07576124999999999,0.39182550000000005,0.640289625,0.03415128571428571,0.396241625,0.6820897499999999,0.8459835
160,0.009462,9270005,0.0693085,0.40082075000000006,0.628810875,0.023132375000000004,0.39662899999999995,0.6826021250000001,0.7297947499999999
161,0.003471,9150477,0.076805375,0.42052187499999993,0.6754675,0.0290305,0.421807125,0.695955125,0.16525025
162,0.014094,9156508,0.04841414285714286,0.31683737500000003,0.9317205,0.0259966,0.30568850000000003,0.878437,0.79903175
163,0.00281,8672820,0.048085,0.32811,0.9110364999999999,0.0226432,0.3141905,0.878943625,0.071964
164,0.002274,8783081,0.036082,0.313939,0.9296862499999999,0.04604885714285715,0.308973,0.86655575,0.00104725
165,0.005106,8893838,0.05461585714285714,0.351067375,0.16718349999999998,0.022972799999999998,0.312707625,0.8706544999999999,0.289272
166,0.002575,8524955,0.05638314285714286,0.353901,0.22086837500000003,0.022319999999999996,0.30852775,0.8717702500000001,0.036563
167,0.002336,8475128,0.053111142857142864,0.349533875,0.23598,0.024797000000000003,0.30821712500000004,0.860203125,0.00205925
168,0.001659,8314250,0.05440514285714286,0.369282875,0.0010952499999999999,0.029152,0.326383625,0.23362625000000004,0.043688750000000005
169,0.001558,8326008,0.05453628571428572,0.363635125,0.0010865,0.019015,0.32580775000000006,0.24491975000000002,0.00984125
170,0.001552,8261125,0.06181757142857143,0.35760475,0.0012771249999999998,0.018875,0.326568125,0.244937625,0.0087925
171,0.015252,9227716,0.037909000000000005,0.324711625,0.9270123749999999,0.0161912,0.28942100000000004,0.966976,0.75909375
172,0.003086,8888797,0.038452142857142865,0.3286695,0.9317135000000001,0.014706999999999998,0.289827375,0.9679955,0.07531575
173,0.002729,8926689,0.038993428571428575,0.32272475000000006,0.8828305,0.012253166666666667,0.29031375000000004,0.966909875,0.0013062500000000001
174,0.006125,9081043,0.039138,0.32710150000000004,0.17909175,0.0126255,0.2896645,0.952830125,0.30255525
175,0.002626,8822940,0.04107342857142857,0.331088625,0.201623875,0.012872666666666666,0.28760225,0.953033875,0.05182475
176,0.002355,8714833,0.04236028571428572,0.321082125,0.156090625,0.0156556,0.2884705,0.9508175000000001,0.0023639999999999998
177,0.001701,8545147,0.042549428571428564,0.33387724999999996,0.00128775,0.0179868,0.29739200000000005,0.24100749999999999,0.062494749999999995
178,0.001487,8512672,0.045463857142857146,0.338667625,0.0015205000000000002,0.016057599999999998,0.29723087499999995,0.255497,0.014118499999999999
179,0.001491,8419115,0.04652714285714286,0.33329025,0.0017975,0.015972,0.298224,0.2552485,0.010449
180,0.016225,9263243,0.03577628571428571,0.3553775,0.7142852500000001,0.0134216,0.295208375,0.973665,0.6251262500000001
181,0.003953,8896572,0.036192,0.354782625,0.722073375,0.010128833333333333,0.29739574999999996,0.97557225,0.05649175
182,0.003569,8920228,0.03545942857142857,0.35931975,0.700588875,0.012830999999999999,0.2978005,0.9769849999999999,0.00138975
183,0.00725,9119404,0.034599285714285714,0.31003662499999995,0.1580765,0.0134878,0.295976125,0.9310160000000001,0.34466175
184,0.002942,8905740,0.036878571428571434,0.3334138750000001,0.164270375,0.010813666666666666,0.29633325000000005,0.936191625,0.045139
185,0.002853,8828151,0.03726628571428571,0.34781287499999997,0.15944699999999998,0.010591166666666667,0.29674199999999995,0.9386187500000001,0.00214375
186,0.001932,8751294,0.03469214285714285,0.379462375,0.001648125,0.011477666666666669,0.305077375,0.275047875,0.054060250000000004
187,0.001704,8717111,0.03937614285714286,0.36955350000000003,0.001888875,0.012133833333333335,0.30454212500000005,0.29230550000000005,0.0105385
188,0.001744,8469145,0.04204214285714286,0.33459575,0.0027388750000000004,0.012042833333333334,0.30072125,0.29570425,0.0075882499999999995
189,0.00214,8733650,0.052027375,0.265279125,0.7879915000000001,0.02712566666666667,0.26742325,0.5619872499999999,0.14520675
190,0.001581,8349277,0.05866499999999999,0.26983224999999994,0.782791,0.024341333333333336,0.270458875,0.560158875,0.048624
191,0.001402,8264588,0.06462085714285713,0.30239974999999997,0.9429011250000001,0.0242385,0.279206375,0.577320375,0.00353675
192,0.001924,8794596,0.05610785714285714,0.25251724999999997,0.36990687499999997,0.022357375,0.26320412500000007,0.331396,0.18576725
193,0.001541,8245463,0.07068200000000001,0.259711875,0.387037625,0.026446333333333332,0.265463625,0.32030375,0.063146
194,0.001365,8152849,0.06486499999999999,0.2632185,0.39219487499999994,0.0237435,0.27064049999999995,0.315200625,0.00518675
195,0.001601,7347740,0.0786917142857143,0.2712135,0.0031966250000000002,0.036929199999999995,0.269289125,0.25465675,0.10169175
196,0.001324,7407424,0.0788622857142857,0.271474125,0.003069625,0.0306504,0.270579875,0.252033,0.028924
197,0.001311,7343854,0.07841842857142857,0.273400875,0.00318125,0.027905599999999996,0.2721475,0.253904375,0.01696
198,0.002161,8749772,0.048227625,0.23087950000000002,0.924604625,0.0227425,0.20256012500000004,0.613676125,0.1519185
199,0.001598,8415401,0.048429875,0.23683962500000005,0.9222760000000001,0.018966833333333332,0.20394749999999998,0.60938,0.051833500000000005
200,0.001406,8303481,0.04831075,0.26622575,0.9887778749999999,0.0192355,0.21104262500000004,0.690722125,0.004012
201,0.001987,8886124,0.05646671428571427,0.204702625,0.46226237499999995,0.024265666666666668,0.193805875,0.43759475000000003,0.1930365
202,0.001585,8270013,0.06300385714285714,0.210439125,0.49794674999999994,0.020205166666666666,0.19475337499999998,0.440034375,0.06923375000000001
203,0.001364,8175978,0.05682971428571428,0.21524374999999998,0.49965062500000007,0.0198945,0.19387949999999998,0.44552174999999994,0.004385999999999999
204,0.001514,7408316,0.06803942857142857,0.194656375,0.003200625,0.018931,0.207108625,0.30913762499999997,0.100421
205,0.001233,7421968,0.06710328571428571,0.194738,0.003194875,0.018283333333333332,0.20956199999999997,0.31232275000000004,0.02598575
206,0.001238,7423752,0.06742685714285715,0.19457325,0.003215,0.020407166666666667,0.2105915,0.31052349999999995,0.014724500000000001
207,0.002147,8727351,0.04006771428571428,0.19761499999999999,0.992807875,0.018227499999999997,0.16063975,0.6671922499999999,0.1717765
208,0.00164,8402993,0.048091714285714286,0.19429124999999997,0.994890125,0.017727666666666666,0.16095925,0.65944625,0.056418
209,0.001346,8295983,0.04339114285714286,0.276785625,0.99729525,0.016462666666666667,0.15712162500000001,0.8545875,0.00303375
210,0.002051,8868880,0.043219,0.187204375,0.64891775,0.0204575,0.159829125,0.635587625,0.19943925
211,0.001616,8312980,0.05030985714285714,0.188097875,0.67680025,0.017383333333333334,0.160463875,0.634282125,0.06558
212,0.001366,8227634,0.053934499999999996,0.20945975,0.6983290000000001,0.019059399999999997,0.154636375,0.722435375,0.0038982500000000002
213,0.001495,7459111,0.05497785714285715,0.190845125,0.0030930000000000003,0.016618166666666667,0.14914612500000002,0.413613,0.1004685
214,0.001176,7505191,0.054512571428571424,0.19091362500000003,0.0030592500000000003,0.0206462,0.148361375,0.41519999999999996,0.019251
215,0.00119,7506210,0.05523071428571428,0.19146375000000004,0.0031129999999999994,0.012570000000000001,0.14989300000000003,0.417572,0.0114625
216,0.003075,8853348,0.06368385714285714,0.29909087500000003,0.961613125,0.0199295,0.30981125000000004,0.8668827499999999,0.11090425
217,0.002356,8506583,0.06641442857142857,0.300521875,0.961378875,0.026864166666666665,0.310833,0.863919875,0.0280855
218,0.002168,8474946,0.060344999999999996,0.29901425,0.961683125,0.01891475,0.31124324999999997,0.8635091249999999,0.0055975
219,0.002901,8884361,0.06244885714285714,0.299821625,0.16077049999999998,0.032919833333333336,0.310090375,0.86373725,0.14541349999999997
220,0.002313,8390411,0.06249642857142858,0.300282,0.16625850000000003,0.0207605,0.31023212499999997,0.8629735000000001,0.043331499999999995
221,0.002141,8322482,0.06231428571428571,0.300462375,0.170217875,0.027967399999999996,0.311163875,0.86040475,0.00960825
222,0.001816,7735229,0.07063142857142858,0.30201987500000005,0.006323,0.025817,0.32760687499999996,0.19946475,0.1270485
223,0.001582,7744668,0.07251942857142857,0.302493,0.006288125,0.0312118,0.32826849999999996,0.197525125,0.06331925000000001
224,0.001552,7722115,0.07131685714285715,0.30228625000000003,0.0062996250000000005,0.01846925,0.327796125,0.19907375,0.046047000000000005
225,0.003079,8883963,0.049545,0.28097562500000006,0.997560875,0.019902875,0.268368375,0.9970350000000001,0.11223425
226,0.002344,8581594,0.054064,0.281224375,0.9975530000000001,0.016101375,0.26883975000000004,0.996918,0.028037000000000003
227,0.002157,8546482,0.05131928571428572,0.28031775,0.9979866250000001,0.0219726,0.26889925,0.9967916250000001,0.0055005
228,0.002927,8895375,0.05548157142857143,0.276664625,0.16867687499999998,0.027783333333333337,0.26825024999999997,0.9947174999999999,0.15258875
229,0.002294,8424210,0.06028128571428572,0.27671162499999996,0.174794625,0.025103999999999998,0.268522375,0.9946667499999999,0.044610000000000004
230,0.002118,8342010,0.05551142857142858,0.276993375,0.1837945,0.02298,0.268431125,0.9945922500000001,0.00947025
231,0.001746,7797444,0.06200685714285714,0.276045875,0.0063453749999999995,0.0327686,0.266664375,0.21947887500000002,0.12636175
232,0.001529,7754417,0.06233942857142858,0.27562774999999995,0.006411750000000001,0.020743333333333336,0.266884875,0.22019362499999998,0.06352875
233,0.001494,7803975,0.06175957142857142,0.27591525,0.006374125,0.016446375,0.266887625,0.2186375,0.047574
234,0.003042,8860731,0.03947885714285714,0.280363375,0.999764,0.0227025,0.26683837499999996,0.999533375,0.1132985
235,0.002342,8590749,0.04627914285714285,0.2802387499999999,0.99949075,0.014241,0.26765025,0.999695125,0.02746325
236,0.002154,8508849,0.04140557142857143,0.27935862499999997,0.9997383749999998,0.0199348,0.26766124999999996,0.999731625,0.005469
237,0.002918,8891534,0.03919728571428571,0.27651425,0.19954799999999998,0.02249166666666667,0.26723712499999996,0.997767875,0.14228025
238,0.002293,8432787,0.04939157142857143,0.27618975,0.211022125,0.017960666666666666,0.267477375,0.997799875,0.041215499999999995
239,0.002119,8375061,0.045285571428571425,0.276769,0.22684775,0.0196256,0.267327875,0.9977732499999998,0.0090445
240,0.001779,7768794,0.05133828571428572,0.27486775,0.006280625,0.017963125,0.26600375,0.23610375,0.120542
241,0.001556,7718570,0.051418000000000005,0.27483225000000006,0.0063941250000000005,0.0134815,0.2661695,0.23304362499999998,0.06049875
242,0.001525,7743428,0.050903,0.27479712500000003,0.006340999999999999,0.014509875000000002,0.26620612499999996,0.235194375,0.04326775
